wypelnienie_prostokata,liczba_rogow,etykieta
0.7825,8.0,kolo
0.9126,4.0,kwadrat
0.7871,8.0,kolo
0.9719,4.0,kwadrat
0.7891,8.0,kolo
0.9463,4.0,kwadrat
0.7851,8.0,kolo
0.9014,4.0,kwadrat
0.7865,8.0,kolo
0.8434,4.0,kwadrat
0.7822,8.0,kolo
0.8592,4.0,kwadrat
0.7889,8.0,kolo
0.8745,4.0,kwadrat
0.7831,8.0,kolo
0.8680,4.0,kwadrat
0.7923,8.0,kolo
0.8821,4.0,kwadrat
0.7969,8.0,kolo
0.9056,4.0,kwadrat
0.7858,8.0,kolo
0.8507,4.0,kwadrat
0.7888,8.0,kolo
0.8526,4.0,kwadrat
0.7814,7.0,kolo
0.9346,4.0,kwadrat
0.7842,7.0,kolo
0.9469,4.0,kwadrat
0.7947,8.0,kolo
0.8768,4.0,kwadrat
0.7911,8.0,kolo
0.9107,4.0,kwadrat
0.7875,8.0,kolo
0.9194,4.0,kwadrat
0.7867,8.0,kolo
0.8719,4.0,kwadrat
0.7862,8.0,kolo
0.8811,4.0,kwadrat
0.7867,8.0,kolo
0.9305,4.0,kwadrat
0.7940,8.0,kolo
0.8814,4.0,kwadrat
0.7821,8.0,kolo
0.9003,4.0,kwadrat
0.7897,8.0,kolo
0.9489,4.0,kwadrat
0.7887,8.0,kolo
0.9447,4.0,kwadrat
0.7832,8.0,kolo
0.8917,4.0,kwadrat
0.7887,8.0,kolo
0.8685,4.0,kwadrat
0.7849,8.0,kolo
0.9186,4.0,kwadrat
0.7968,8.0,kolo
0.8727,4.0,kwadrat
0.8000,8.0,kolo
0.8758,5.0,kwadrat
0.7891,7.0,kolo
0.9399,4.0,kwadrat
0.7812,8.0,kolo
0.9558,4.0,kwadrat
0.7828,8.0,kolo
0.9158,4.0,kwadrat
0.7950,8.0,kolo
0.9291,4.0,kwadrat
0.7751,8.0,kolo
0.9535,4.0,kwadrat
0.7912,8.0,kolo
0.9472,4.0,kwadrat
0.7860,8.0,kolo
0.8876,4.0,kwadrat
0.7886,8.0,kolo
0.8752,4.0,kwadrat
0.7946,8.0,kolo
0.9509,4.0,kwadrat
0.7878,8.0,kolo
0.9121,4.0,kwadrat
0.7961,8.0,kolo
0.8904,4.0,kwadrat
0.7975,8.0,kolo
0.9149,4.0,kwadrat
0.7890,8.0,kolo
0.8941,4.0,kwadrat
0.7866,8.0,kolo
0.9096,4.0,kwadrat
0.7991,8.0,kolo
0.9415,4.0,kwadrat
0.7835,8.0,kolo
0.9122,4.0,kwadrat
0.7887,8.0,kolo
0.9273,4.0,kwadrat
0.7918,8.0,kolo
0.9072,4.0,kwadrat
0.7849,8.0,kolo
0.9791,4.0,kwadrat
0.7900,8.0,kolo
0.8984,4.0,kwadrat
0.7882,8.0,kolo
0.9576,4.0,kwadrat
0.7836,8.0,kolo
0.8758,4.0,kwadrat
0.7869,8.0,kolo
0.9577,4.0,kwadrat
0.7858,8.0,kolo
0.8517,4.0,kwadrat
0.7948,8.0,kolo
0.9537,4.0,kwadrat
0.7890,8.0,kolo
0.9158,4.0,kwadrat
0.7861,8.0,kolo
0.9335,4.0,kwadrat
0.7921,8.0,kolo
0.8958,4.0,kwadrat
0.7902,8.0,kolo
0.9086,4.0,kwadrat
0.7913,8.0,kolo
0.9418,4.0,kwadrat
0.7923,8.0,kolo
0.9282,4.0,kwadrat
0.7724,8.0,kolo
0.9583,4.0,kwadrat
0.7882,8.0,kolo
0.8462,4.0,kwadrat
0.7884,8.0,kolo
0.9205,4.0,kwadrat
0.7915,8.0,kolo
0.9064,4.0,kwadrat
0.7831,8.0,kolo
0.9269,4.0,kwadrat
0.7840,8.0,kolo
0.9132,4.0,kwadrat
0.7876,8.0,kolo
0.8796,4.0,kwadrat
0.7960,8.0,kolo
0.9317,4.0,kwadrat
0.7878,8.0,kolo
0.9158,4.0,kwadrat
0.7875,8.0,kolo
0.8820,4.0,kwadrat
0.7924,8.0,kolo
0.9024,4.0,kwadrat
0.7838,8.0,kolo
0.9632,4.0,kwadrat
0.7924,8.0,kolo
0.8377,4.0,kwadrat
0.7903,8.0,kolo
0.9543,4.0,kwadrat
0.7815,8.0,kolo
0.9584,4.0,kwadrat
0.7847,8.0,kolo
0.9017,4.0,kwadrat
0.7832,8.0,kolo
0.9270,4.0,kwadrat
0.7880,8.0,kolo
0.8981,4.0,kwadrat
0.7883,8.0,kolo
0.9161,4.0,kwadrat
0.7851,8.0,kolo
0.9485,4.0,kwadrat
0.7832,8.0,kolo
0.9267,4.0,kwadrat
0.7884,8.0,kolo
0.8895,4.0,kwadrat
0.7906,8.0,kolo
0.9194,4.0,kwadrat
0.7877,8.0,kolo
0.8767,4.0,kwadrat
0.7878,8.0,kolo
0.9033,4.0,kwadrat
0.7800,8.0,kolo
0.8819,4.0,kwadrat
0.7914,8.0,kolo
0.8967,4.0,kwadrat
0.7862,8.0,kolo
0.9147,4.0,kwadrat
0.7887,8.0,kolo
0.8812,4.0,kwadrat
0.7850,8.0,kolo
0.9253,4.0,kwadrat
0.7817,8.0,kolo
0.9186,4.0,kwadrat
0.7943,8.0,kolo
0.9058,4.0,kwadrat
0.7911,8.0,kolo
0.9450,4.0,kwadrat
0.7892,8.0,kolo
0.8768,4.0,kwadrat
0.7885,8.0,kolo
0.8940,4.0,kwadrat
0.7970,8.0,kolo
0.9357,4.0,kwadrat
0.7873,8.0,kolo
0.8143,4.0,kwadrat
0.7893,8.0,kolo
0.9356,4.0,kwadrat
0.7896,8.0,kolo
0.9372,4.0,kwadrat
0.7967,8.0,kolo
0.8333,4.0,kwadrat
0.7882,8.0,kolo
0.8962,5.0,kwadrat
0.7823,8.0,kolo
0.8827,4.0,kwadrat
0.7987,8.0,kolo
0.9179,4.0,kwadrat
0.7879,8.0,kolo
0.9042,4.0,kwadrat
0.7832,8.0,kolo
0.8801,5.0,kwadrat
0.7780,8.0,kolo
0.9693,4.0,kwadrat
0.7832,8.0,kolo
0.9737,4.0,kwadrat
0.7833,8.0,kolo
0.9142,4.0,kwadrat
0.8003,8.0,kolo
0.9061,4.0,kwadrat
0.7884,8.0,kolo
0.8827,4.0,kwadrat
0.7992,8.0,kolo
0.8906,4.0,kwadrat
0.7868,8.0,kolo
0.8775,4.0,kwadrat
0.7882,8.0,kolo
0.9008,4.0,kwadrat
0.7842,8.0,kolo
0.9233,4.0,kwadrat
0.7837,8.0,kolo
0.9306,4.0,kwadrat
0.7851,8.0,kolo
0.8814,4.0,kwadrat
0.7868,8.0,kolo
0.9520,4.0,kwadrat
0.7921,8.0,kolo
0.8710,4.0,kwadrat
0.7855,7.0,kolo
0.9257,5.0,kwadrat
0.7941,8.0,kolo
0.8613,4.0,kwadrat
0.7916,8.0,kolo
0.9501,4.0,kwadrat
0.7866,8.0,kolo
0.9276,4.0,kwadrat
0.7933,8.0,kolo
0.8946,4.0,kwadrat
0.7875,8.0,kolo
0.8580,4.0,kwadrat
0.7838,8.0,kolo
0.9099,4.0,kwadrat
0.7894,8.0,kolo
0.8890,4.0,kwadrat
0.7931,8.0,kolo
0.9331,4.0,kwadrat
0.7714,8.0,kolo
0.9368,4.0,kwadrat
0.7893,8.0,kolo
0.8581,4.0,kwadrat
0.8018,8.0,kolo
0.8771,4.0,kwadrat
0.7847,8.0,kolo
0.9252,4.0,kwadrat
0.7863,8.0,kolo
0.8772,4.0,kwadrat
0.7812,8.0,kolo
0.8814,4.0,kwadrat
0.7872,8.0,kolo
0.8889,4.0,kwadrat
0.7809,8.0,kolo
0.8359,4.0,kwadrat
0.7941,8.0,kolo
0.8947,4.0,kwadrat
0.7870,8.0,kolo
0.9186,4.0,kwadrat
0.7803,8.0,kolo
0.9452,4.0,kwadrat
0.7944,8.0,kolo
0.9515,4.0,kwadrat
0.7905,8.0,kolo
0.9510,4.0,kwadrat
0.7837,8.0,kolo
0.9593,4.0,kwadrat
0.7858,8.0,kolo
0.8525,4.0,kwadrat
0.7838,8.0,kolo
0.9433,4.0,kwadrat
0.7840,8.0,kolo
0.8984,4.0,kwadrat
0.7925,8.0,kolo
0.9254,4.0,kwadrat
0.7928,8.0,kolo
0.9363,5.0,kwadrat
0.7857,8.0,kolo
0.9297,4.0,kwadrat
0.7869,8.0,kolo
0.9484,4.0,kwadrat
0.7816,8.0,kolo
0.9219,4.0,kwadrat
0.7909,8.0,kolo
0.9251,4.0,kwadrat
0.7889,8.0,kolo
0.9103,4.0,kwadrat
0.7861,8.0,kolo
0.9051,4.0,kwadrat
0.7806,8.0,kolo
0.9596,4.0,kwadrat
0.7930,8.0,kolo
0.9128,4.0,kwadrat
0.7900,8.0,kolo
0.9659,4.0,kwadrat
0.7880,8.0,kolo
0.9643,4.0,kwadrat
0.7818,8.0,kolo
0.9101,4.0,kwadrat
0.7850,8.0,kolo
0.9543,4.0,kwadrat
0.7912,8.0,kolo
0.9280,4.0,kwadrat
0.7919,8.0,kolo
0.8798,4.0,kwadrat
0.7951,8.0,kolo
0.8782,4.0,kwadrat
0.7893,8.0,kolo
0.9695,4.0,kwadrat
0.7858,7.0,kolo
0.9720,4.0,kwadrat
0.7910,8.0,kolo
0.8977,4.0,kwadrat
0.7916,8.0,kolo
0.9483,4.0,kwadrat
0.7899,8.0,kolo
0.9222,4.0,kwadrat
0.7843,7.0,kolo
0.9163,4.0,kwadrat
0.7788,8.0,kolo
0.9417,4.0,kwadrat
0.7895,8.0,kolo
0.9175,4.0,kwadrat
0.7994,8.0,kolo
0.9312,4.0,kwadrat
0.7946,8.0,kolo
0.9134,4.0,kwadrat
0.7831,8.0,kolo
0.9302,4.0,kwadrat
0.7887,8.0,kolo
0.9658,4.0,kwadrat
0.7908,8.0,kolo
0.9637,4.0,kwadrat
0.7809,8.0,kolo
0.9164,4.0,kwadrat
0.7899,8.0,kolo
0.9575,4.0,kwadrat
0.7848,8.0,kolo
0.9349,4.0,kwadrat
0.7856,8.0,kolo
0.9431,4.0,kwadrat
0.7903,8.0,kolo
0.9173,4.0,kwadrat
0.7868,8.0,kolo
0.8961,4.0,kwadrat
0.7760,8.0,kolo
0.9350,4.0,kwadrat
0.7920,8.0,kolo
0.8783,4.0,kwadrat
0.7916,8.0,kolo
0.8694,4.0,kwadrat
0.7949,8.0,kolo
0.9328,4.0,kwadrat
0.7831,8.0,kolo
0.9034,4.0,kwadrat
0.7905,8.0,kolo
0.9018,4.0,kwadrat
0.7845,8.0,kolo
0.9681,4.0,kwadrat
0.7890,8.0,kolo
0.8408,4.0,kwadrat
0.7940,8.0,kolo
0.9039,4.0,kwadrat
0.7933,8.0,kolo
0.8762,4.0,kwadrat
0.7851,8.0,kolo
0.9228,4.0,kwadrat
0.7982,8.0,kolo
0.8656,4.0,kwadrat
0.7860,8.0,kolo
0.9178,4.0,kwadrat
0.7751,8.0,kolo
0.9197,4.0,kwadrat
0.7849,8.0,kolo
0.9163,4.0,kwadrat
0.7880,8.0,kolo
0.9165,4.0,kwadrat
0.7927,8.0,kolo
0.9253,4.0,kwadrat
0.7999,8.0,kolo
0.9121,4.0,kwadrat
0.7826,8.0,kolo
0.9036,4.0,kwadrat
0.7919,8.0,kolo
0.9242,4.0,kwadrat
0.7750,8.0,kolo
0.8963,4.0,kwadrat
0.7958,8.0,kolo
0.9396,4.0,kwadrat
0.7990,8.0,kolo
0.9041,4.0,kwadrat
0.7962,8.0,kolo
0.9545,4.0,kwadrat
0.7901,8.0,kolo
0.9414,4.0,kwadrat
0.7819,8.0,kolo
0.9389,4.0,kwadrat
0.7851,8.0,kolo
0.8970,4.0,kwadrat
0.7862,8.0,kolo
0.8709,4.0,kwadrat
0.7893,8.0,kolo
0.9280,4.0,kwadrat
0.7843,8.0,kolo
0.9487,4.0,kwadrat
0.7945,8.0,kolo
0.9523,4.0,kwadrat
0.7949,8.0,kolo
0.9054,4.0,kwadrat
0.7876,8.0,kolo
0.9081,4.0,kwadrat
0.7878,8.0,kolo
0.9589,4.0,kwadrat
0.7873,8.0,kolo
0.9224,4.0,kwadrat
0.7815,8.0,kolo
0.9839,4.0,kwadrat
0.7821,8.0,kolo
0.9009,4.0,kwadrat
0.7892,8.0,kolo
0.9559,4.0,kwadrat
0.7857,8.0,kolo
0.8961,4.0,kwadrat
0.7888,8.0,kolo
0.9277,4.0,kwadrat
0.7926,8.0,kolo
0.9075,4.0,kwadrat
0.7884,8.0,kolo
0.9229,4.0,kwadrat
0.7803,8.0,kolo
0.9082,4.0,kwadrat
0.7794,8.0,kolo
0.9295,4.0,kwadrat
0.7911,8.0,kolo
0.9041,4.0,kwadrat
0.7830,8.0,kolo
0.9659,4.0,kwadrat
0.7868,8.0,kolo
0.9057,4.0,kwadrat
0.7870,8.0,kolo
0.8619,4.0,kwadrat
0.7872,8.0,kolo
0.9168,4.0,kwadrat
0.7882,8.0,kolo
0.9544,4.0,kwadrat
0.7831,8.0,kolo
0.9462,4.0,kwadrat
0.7890,8.0,kolo
0.8832,4.0,kwadrat
0.7929,8.0,kolo
0.8902,4.0,kwadrat
0.7837,8.0,kolo
0.9558,4.0,kwadrat
0.7831,8.0,kolo
0.9444,4.0,kwadrat
0.7926,8.0,kolo
0.9162,4.0,kwadrat
0.7922,8.0,kolo
0.9110,4.0,kwadrat
0.7895,8.0,kolo
0.9010,4.0,kwadrat
0.7896,8.0,kolo
0.9117,4.0,kwadrat
0.7796,8.0,kolo
0.8567,4.0,kwadrat
0.7875,8.0,kolo
0.9383,4.0,kwadrat
0.7855,8.0,kolo
0.9208,4.0,kwadrat
0.7912,8.0,kolo
0.9582,4.0,kwadrat
0.7921,8.0,kolo
0.9375,4.0,kwadrat
0.7939,8.0,kolo
0.9420,4.0,kwadrat
0.7885,8.0,kolo
0.9556,4.0,kwadrat
0.7851,8.0,kolo
0.8549,4.0,kwadrat
0.7897,8.0,kolo
0.9195,4.0,kwadrat
0.7883,8.0,kolo
0.8781,4.0,kwadrat
0.7945,7.0,kolo
0.8746,4.0,kwadrat
0.7782,8.0,kolo
0.9489,4.0,kwadrat
0.7853,8.0,kolo
0.9590,4.0,kwadrat
0.8032,7.0,kolo
0.8476,4.0,kwadrat
0.7841,8.0,kolo
0.9076,4.0,kwadrat
0.7846,8.0,kolo
0.9435,4.0,kwadrat
0.7857,8.0,kolo
0.8737,4.0,kwadrat
0.7950,8.0,kolo
0.9111,4.0,kwadrat
0.7876,8.0,kolo
0.9401,4.0,kwadrat
0.7904,8.0,kolo
0.9110,4.0,kwadrat
0.7839,8.0,kolo
0.8857,4.0,kwadrat
0.7895,8.0,kolo
0.9001,4.0,kwadrat
0.7905,8.0,kolo
0.9419,4.0,kwadrat
0.7927,8.0,kolo
0.8923,4.0,kwadrat
0.8044,8.0,kolo
0.9404,4.0,kwadrat
0.7857,8.0,kolo
0.9260,4.0,kwadrat
0.7883,8.0,kolo
0.9445,4.0,kwadrat
0.7846,8.0,kolo
0.9031,4.0,kwadrat
0.7717,8.0,kolo
0.9251,4.0,kwadrat
0.7858,8.0,kolo
0.9158,4.0,kwadrat
0.7917,8.0,kolo
0.9047,4.0,kwadrat
0.7864,8.0,kolo
0.9608,4.0,kwadrat
0.7940,8.0,kolo
0.9125,4.0,kwadrat
0.7846,8.0,kolo
0.9026,4.0,kwadrat
0.7938,8.0,kolo
0.9389,4.0,kwadrat
0.7869,8.0,kolo
0.9458,4.0,kwadrat
0.7819,8.0,kolo
0.9358,4.0,kwadrat
0.7977,8.0,kolo
0.8636,4.0,kwadrat
0.7923,8.0,kolo
0.9423,4.0,kwadrat
0.7883,8.0,kolo
0.9072,4.0,kwadrat
0.7849,8.0,kolo
0.8938,4.0,kwadrat
0.7827,8.0,kolo
0.9379,4.0,kwadrat
0.7954,8.0,kolo
0.9059,4.0,kwadrat
0.7893,8.0,kolo
0.9661,4.0,kwadrat
0.7861,8.0,kolo
0.9242,4.0,kwadrat
0.7891,8.0,kolo
0.8798,4.0,kwadrat
0.7886,8.0,kolo
0.8855,4.0,kwadrat
0.7845,8.0,kolo
0.9034,4.0,kwadrat
0.7917,8.0,kolo
0.8730,4.0,kwadrat
0.7879,8.0,kolo
0.8973,4.0,kwadrat
0.7837,8.0,kolo
0.9127,4.0,kwadrat
0.7912,8.0,kolo
0.9185,4.0,kwadrat
0.7877,8.0,kolo
0.8973,4.0,kwadrat
0.7912,8.0,kolo
0.8872,4.0,kwadrat
0.7919,8.0,kolo
0.9536,4.0,kwadrat
0.7865,8.0,kolo
0.9108,4.0,kwadrat
0.7885,8.0,kolo
0.8866,4.0,kwadrat
0.7934,8.0,kolo
0.9586,4.0,kwadrat
0.7898,8.0,kolo
0.9452,4.0,kwadrat
0.7827,7.0,kolo
0.8773,4.0,kwadrat
0.7894,8.0,kolo
0.9142,4.0,kwadrat
